net_event,bc_event,episode_id,net_label,bc_label
NET-00005,BC-00101,EP-COORD-000,1,1
NET-00013,BC-00111,EP-COORD-001,1,1
NET-00025,BC-00297,EP-COORD-002,1,1
NET-00043,BC-00043,EP-IND-00043,0,0
NET-00046,BC-00365,EP-COORD-003,1,1
NET-00079,BC-00456,EP-COORD-004,1,1
NET-00086,BC-00471,EP-COORD-005,1,1
NET-00099,BC-00472,EP-COORD-006,1,1
NET-00130,BC-00495,EP-COORD-007,1,1
NET-00142,BC-00552,EP-COORD-008,1,1
NET-00143,BC-00638,EP-COORD-009,1,1
NET-00157,BC-00692,EP-COORD-010,1,1
NET-00249,BC-00712,EP-COORD-011,1,1
NET-00282,BC-00282,EP-IND-00282,0,0
NET-00289,BC-00736,EP-COORD-012,1,1
NET-00316,BC-00800,EP-COORD-013,1,1
NET-00340,BC-00832,EP-COORD-014,1,1
NET-00358,BC-00931,EP-COORD-015,1,1
NET-00369,BC-00961,EP-COORD-016,1,1
NET-00378,BC-00982,EP-COORD-017,1,1
NET-00455,BC-00986,EP-COORD-018,1,1
NET-00471,BC-01058,EP-COORD-019,1,1
NET-00486,BC-01063,EP-COORD-020,1,1
NET-00523,BC-01092,EP-COORD-021,1,1
NET-00542,BC-01100,EP-COORD-022,1,1
NET-00561,BC-01118,EP-COORD-023,1,1
NET-00570,BC-01218,EP-COORD-024,1,1
NET-00579,BC-01222,EP-COORD-025,1,1
NET-00590,BC-01224,EP-COORD-026,1,1
NET-00593,BC-01226,EP-COORD-027,1,1
NET-00596,BC-01228,EP-COORD-028,1,1
NET-00622,BC-01241,EP-COORD-029,1,1
NET-00633,BC-01295,EP-COORD-030,1,1
NET-00642,BC-01396,EP-COORD-031,1,1
NET-00647,BC-01480,EP-COORD-032,1,1
NET-00672,BC-01530,EP-COORD-033,1,1
NET-00714,BC-01587,EP-COORD-034,1,1
NET-00724,BC-01685,EP-COORD-035,1,1
NET-00728,BC-01726,EP-COORD-036,1,1
NET-00737,BC-01777,EP-COORD-037,1,1
NET-00740,BC-01818,EP-COORD-038,1,1
NET-00757,BC-01911,EP-COORD-039,1,1
NET-00758,BC-01942,EP-COORD-040,1,1
NET-00813,BC-02023,EP-COORD-041,1,1
NET-00889,BC-02096,EP-COORD-042,1,1
NET-00913,BC-02221,EP-COORD-043,1,1
NET-00928,BC-02228,EP-COORD-044,1,1
NET-00966,BC-02301,EP-COORD-045,1,1
NET-00981,BC-02329,EP-COORD-046,1,1
NET-02019,BC-02019,EP-IND-02019,0,0
NET-02095,BC-02095,EP-IND-02095,0,0
NET-02786,BC-02786,EP-IND-02786,0,0
NET-02870,BC-02870,EP-IND-02870,0,0
NET-04369,BC-04369,EP-IND-04369,0,0
