No.,Model A,Model B,Cliff's delta,Magnitude interpretation
1,AdaBoost,CatBoost,-1.0,large
2,AdaBoost,Decision Tree,-1.0,large
3,AdaBoost,Extra Trees,-1.0,large
4,AdaBoost,Gradient Boosting,-1.0,large
5,AdaBoost,LightGBM,-1.0,large
6,AdaBoost,Logistic Regression,1.0,large
7,AdaBoost,MLP,-1.0,large
8,AdaBoost,Naive Bayes,1.0,large
9,AdaBoost,Random Forest,-1.0,large
10,AdaBoost,SVM-RBF,1.0,large
11,AdaBoost,XGBoost,-1.0,large
12,AdaBoost,k-NN,-0.86,large
13,CatBoost,Decision Tree,-0.48,large
14,CatBoost,Extra Trees,-0.92,large
15,CatBoost,Gradient Boosting,0.96,large
16,CatBoost,LightGBM,-0.75,large
17,CatBoost,Logistic Regression,1.0,large
18,CatBoost,MLP,1.0,large
19,CatBoost,Naive Bayes,1.0,large
20,CatBoost,Random Forest,-0.84,large
21,CatBoost,SVM-RBF,1.0,large
22,CatBoost,XGBoost,-0.7,large
23,CatBoost,k-NN,1.0,large
24,Decision Tree,Extra Trees,-0.45,medium
25,Decision Tree,Gradient Boosting,1.0,large
26,Decision Tree,LightGBM,-0.26,small
27,Decision Tree,Logistic Regression,1.0,large
28,Decision Tree,MLP,1.0,large
29,Decision Tree,Naive Bayes,1.0,large
30,Decision Tree,Random Forest,-0.44,medium
31,Decision Tree,SVM-RBF,1.0,large
32,Decision Tree,XGBoost,-0.33,medium
33,Decision Tree,k-NN,1.0,large
34,Extra Trees,Gradient Boosting,1.0,large
35,Extra Trees,LightGBM,0.14,negligible
36,Extra Trees,Logistic Regression,1.0,large
37,Extra Trees,MLP,1.0,large
38,Extra Trees,Naive Bayes,1.0,large
39,Extra Trees,Random Forest,0.13,negligible
40,Extra Trees,SVM-RBF,1.0,large
41,Extra Trees,XGBoost,0.11,negligible
42,Extra Trees,k-NN,1.0,large
43,Gradient Boosting,LightGBM,-1.0,large
44,Gradient Boosting,Logistic Regression,1.0,large
45,Gradient Boosting,MLP,0.43,medium
46,Gradient Boosting,Naive Bayes,1.0,large
47,Gradient Boosting,Random Forest,-1.0,large
48,Gradient Boosting,SVM-RBF,1.0,large
49,Gradient Boosting,XGBoost,-1.0,large
50,Gradient Boosting,k-NN,0.84,large
51,LightGBM,Logistic Regression,1.0,large
52,LightGBM,MLP,1.0,large
53,LightGBM,Naive Bayes,1.0,large
54,LightGBM,Random Forest,-0.1,negligible
55,LightGBM,SVM-RBF,1.0,large
56,LightGBM,XGBoost,-0.03,negligible
57,LightGBM,k-NN,1.0,large
58,Logistic Regression,MLP,-1.0,large
59,Logistic Regression,Naive Bayes,1.0,large
60,Logistic Regression,Random Forest,-1.0,large
61,Logistic Regression,SVM-RBF,-1.0,large
62,Logistic Regression,XGBoost,-1.0,large
63,Logistic Regression,k-NN,-1.0,large
64,MLP,Naive Bayes,1.0,large
65,MLP,Random Forest,-1.0,large
66,MLP,SVM-RBF,1.0,large
67,MLP,XGBoost,-1.0,large
68,MLP,k-NN,0.64,large
69,Naive Bayes,Random Forest,-1.0,large
70,Naive Bayes,SVM-RBF,-1.0,large
71,Naive Bayes,XGBoost,-1.0,large
72,Naive Bayes,k-NN,-1.0,large
73,Random Forest,SVM-RBF,1.0,large
74,Random Forest,XGBoost,0.08,negligible
75,Random Forest,k-NN,1.0,large
76,SVM-RBF,XGBoost,-1.0,large
77,SVM-RBF,k-NN,-1.0,large
78,XGBoost,k-NN,1.0,large
